case,clearance,front_annual_kwh_m2,rear_annual_kwh_m2,gain_pct
bare_water,0.15,2044.7397777777778,58.83905333333333,2.302065190800155
bare_water,0.4,2035.7271111111113,72.00336999999999,2.8295882923404263
bare_water,0.8,2032.9462222222226,78.81707888888889,3.1015903136968803
full_deck_black,0.15,2039.358888888889,23.70733111111111,0.9299915278385418
full_deck_black,0.4,2040.472888888889,33.72133222222222,1.32209871175832
full_deck_black,0.8,2038.4052222222224,39.134282222222225,1.5358784130099092
full_deck_white,0.15,2043.9594444444442,250.81845555555557,9.816964078706718
full_deck_white,0.4,2043.3081111111112,397.03849999999994,15.5449292386589
full_deck_white,0.8,2038.8863333333331,447.89171111111114,17.573974724872954
white_between_rows,0.15,2046.9285555555555,182.94872222222224,7.150175192023476
white_between_rows,0.4,2043.7295555555554,258.30752222222225,10.111221282485412
white_between_rows,0.8,2034.0916666666667,272.05487777777785,10.699807967793436
white_under_modules,0.15,2029.1883333333333,112.40205999999999,4.43140966872633
white_under_modules,0.4,2040.341777777778,197.98494444444447,7.76281490094579
white_under_modules,0.8,2034.7674444444444,241.38410000000002,9.490385769992717
