wavelength_nm,reflectance
263.1523,1.0000
264.3818,1.0000
265.6170,1.0000
266.8579,1.0000
268.1047,1.0000
269.3573,1.0000
270.6157,1.0000
271.8800,1.0000
273.1502,1.0000
274.4264,1.0000
275.7085,1.0000
276.9966,1.0000
278.2907,1.0000
279.5909,1.0000
280.8971,1.0000
282.2095,1.0000
283.5280,1.0000
284.8526,1.0000
286.1834,1.0000
287.5205,1.0000
288.8638,1.0000
290.2133,1.0000
291.5692,1.0000
292.9314,1.0000
294.3000,1.0000
295.6749,1.0000
297.0563,1.0000
298.4442,1.0000
299.8385,1.0000
301.2393,1.0000
302.6467,1.0000
304.0607,1.0000
305.4812,1.0000
306.9084,1.0000
308.3423,1.0000
309.7829,1.0000
311.2302,1.0000
312.6842,1.0000
314.1451,1.0000
315.6128,1.0000
317.0873,1.0000
318.5687,1.0000
320.0571,1.0000
321.5524,1.0000
323.0547,1.0000
324.5640,1.0000
326.0803,1.0000
327.6038,1.0000
329.1343,1.0000
330.6721,1.0000
332.2170,1.0000
333.7691,1.0000
335.3284,1.0000
336.8951,1.0000
338.4690,1.0000
340.0504,1.0000
341.6391,1.0000
343.2352,1.0000
344.8388,1.0000
346.4499,1.0000
348.0685,1.0000
349.6947,1.0000
351.3284,1.0000
352.9698,1.0000
354.6189,1.0000
356.2757,1.0000
357.9402,1.0000
359.6125,1.0000
361.2926,1.0000
362.9805,1.0000
364.6764,1.0000
366.3801,1.0000
368.0919,1.0000
369.8116,1.0000
371.5393,1.0000
373.2751,1.0000
375.0191,1.0000
376.7712,1.0000
378.5314,1.0000
380.2999,1.0000
382.0767,1.0000
383.8617,1.0000
385.6551,1.0000
387.4569,1.0000
389.2671,1.0000
391.0858,1.0000
392.9129,1.0000
394.7486,1.0000
396.5928,1.0000
404.0564,1.0000
405.9442,1.0000
407.8407,1.0000
409.7462,1.0000
411.6605,1.0000
413.5838,1.0000
415.5160,1.0000
417.4573,1.0000
419.4077,1.0000
421.3671,1.0000
423.3358,1.0000
425.3136,1.0000
427.3006,1.0000
429.2970,1.0000
431.3026,1.0000
433.3177,1.0000
435.3421,1.0000
437.3760,1.0000
439.4195,1.0000
441.4724,1.0000
443.5350,1.0000
445.6072,1.0000
447.6890,1.0000
449.7806,1.0000
451.8820,1.0000
453.9932,1.0000
456.1142,1.0000
458.2452,1.0000
460.3861,1.0000
462.5370,1.0000
464.6980,1.0000
466.8690,1.0000
469.0502,1.0000
471.2416,1.0000
473.4433,1.0000
475.6552,1.0000
477.8774,1.0000
480.1101,1.0000
482.3531,1.0000
484.6067,1.0000
486.8708,1.0000
489.1454,1.0000
491.4307,1.0000
493.7266,1.0000
496.0333,1.0000
498.3508,1.0000
500.6791,1.0000
503.0182,1.0000
505.3683,1.0000
507.7294,1.0000
510.1015,1.0000
512.4847,1.0000
514.8790,1.0000
517.2845,1.0000
519.7013,1.0000
522.1293,1.0000
524.5687,1.0000
527.0195,1.0000
529.4817,1.0000
531.9554,1.0000
534.4407,1.0000
536.9376,1.0000
539.4462,1.0000
541.9664,1.0000
544.4985,1.0000
547.0424,1.0000
549.5982,1.0000
552.1659,1.0000
554.7456,1.0000
557.3373,1.0000
559.9412,1.0000
562.5573,1.0000
565.1855,1.0000
567.8260,1.0000
570.4789,1.0000
573.1442,1.0000
575.8219,1.0000
578.5121,1.0000
581.2149,1.0000
583.9304,1.0000
586.6585,1.0000
589.3993,1.0000
592.1530,1.0000
594.9195,1.0000
597.6990,1.0000
600.4914,1.0000
603.2969,1.0000
606.1155,1.0000
608.9473,1.0000
611.7923,1.0000
614.6505,1.0000
617.5222,1.0000
620.4072,1.0000
623.3058,1.0000
626.2178,1.0000
629.1435,1.0000
632.0829,1.0000
635.0359,1.0000
638.0028,1.0000
640.9836,1.0000
643.9782,1.0000
646.9869,1.0000
650.0096,1.0000
653.0464,1.0000
656.0974,1.0000
659.1627,1.0000
662.2423,1.0000
665.3363,1.0000
668.4447,1.0000
671.5677,1.0000
674.7053,1.0000
677.8575,1.0000
681.0244,1.0000
684.2061,1.0000
687.4027,1.0000
690.6143,1.0000
693.8408,1.0000
706.8984,1.0000
710.2010,1.0000
713.5191,1.0000
716.8526,1.0000
720.2018,1.0000
723.5665,1.0000
726.9470,1.0000
730.3433,1.0000
733.7555,1.0000
737.1836,1.0000
740.6277,1.0000
744.0879,1.0000
747.5642,1.0000
751.0568,1.0000
754.5658,1.0000
758.0911,1.0000
761.6329,1.0000
765.1912,1.0000
768.7662,1.0000
772.3578,1.0000
775.9663,1.0000
779.5916,1.0000
783.2338,1.0000
786.8931,1.0000
790.5694,1.0000
794.2629,1.0000
797.9737,1.0000
801.7018,1.0000
805.4474,1.0000
809.2104,1.0000
812.9910,1.0000
816.7893,1.0000
820.6053,1.0000
824.4392,1.0000
828.2910,1.0000
832.1607,1.0000
836.0486,1.0000
839.9546,1.0000
843.8788,1.0000
847.8214,1.0000
851.7824,1.0000
855.7619,1.0000
859.7600,1.0000
863.7768,1.0000
867.8124,1.0000
871.8668,1.0000
875.9401,1.0000
880.0325,1.0000
884.1440,1.0000
888.2747,1.0000
892.4247,1.0000
896.5941,1.0000
900.7830,1.0000
904.9914,1.0000
909.2195,1.0000
913.4674,1.0000
917.7351,1.0000
922.0227,1.0000
926.3304,1.0000
930.6582,1.0000
935.0062,1.0000
939.3746,1.0000
943.7633,1.0000
948.1725,1.0000
952.6024,1.0000
957.0529,1.0000
961.5243,1.0000
966.0165,1.0000
970.5297,1.0000
975.0640,1.0000
979.6195,1.0000
984.1963,1.0000
988.7944,1.0000
993.4140,1.0000
1007.4028,1.0000
1012.1094,1.0000
1016.8380,1.0000
1021.5886,1.0000
1026.3615,1.0000
1031.1566,1.0000
1035.9741,1.0000
1040.8142,1.0000
1045.6769,1.0000
1050.5622,1.0000
1055.4705,1.0000
1060.4016,1.0000
1065.3558,1.0000
1070.3331,1.0000
1075.3337,1.0000
1080.3576,1.0000
1085.4050,1.0000
1090.4760,1.0000
1095.5707,1.0000
1100.6892,1.0000
1105.8316,1.0000
1110.9980,1.0000
1116.1886,1.0000
1121.4034,0.9959
1126.6426,0.9911
1131.9062,0.9862
1137.1945,0.9829
1142.5074,0.9797
1147.8452,0.9748
1153.2079,0.9715
1158.5957,0.9667
1164.0086,0.9618
1169.4469,0.9585
1174.9105,0.9553
1180.3997,0.9553
1185.9145,0.9553
1191.4550,0.9553
1197.0215,0.9585
1202.6140,0.9659
1208.2326,0.9707
1213.8774,0.9748
1219.5486,0.9789
1225.2463,0.9829
1230.9707,0.9862
1236.7217,0.9878
1242.4997,0.9886
1248.3046,0.9902
1254.1367,0.9902
1259.9960,0.9902
1265.8827,0.9919
1271.7968,0.9919
1277.7387,0.9919
1283.7082,0.9919
1289.7057,0.9911
1295.7312,0.9902
1301.7848,0.9902
1307.8667,0.9886
1313.9771,0.9878
1320.1159,0.9862
1326.2835,0.9837
1332.4799,0.9797
1338.7052,0.9748
1344.9596,0.9691
1351.2432,0.9626
1357.5562,0.9569
1363.8987,0.9512
1370.2708,0.9472
1376.6727,0.9415
1383.1045,0.9374
1389.5663,0.9325
1396.0584,0.9285
1402.5807,0.9236
1409.1335,0.9195
1415.7170,0.9146
1422.3312,0.9114
1428.9763,0.9098
1435.6525,0.9073
1442.3598,0.9073
1449.0985,0.9089
1455.8687,0.9098
1462.6704,0.9122
1469.5040,0.9146
1476.3695,0.9179
1483.2671,0.9211
1490.1969,0.9244
1511.1811,0.9341
1518.2414,0.9382
1525.3346,0.9407
1532.4609,0.9431
1539.6205,0.9455
1546.8136,0.9472
1554.0403,0.9488
1561.3007,0.9496
1568.5951,0.9512
1575.9236,0.9512
1583.2863,0.9512
1590.6833,0.9520
1598.1150,0.9512
1605.5814,0.9512
1613.0826,0.9504
1620.6189,0.9496
1628.1904,0.9480
1635.7973,0.9455
1643.4397,0.9407
1651.1178,0.9301
1658.8318,0.9146
1666.5819,0.8951
1674.3681,0.8797
1682.1907,0.8626
1690.0499,0.8504
1697.9458,0.8488
1705.8785,0.8504
1713.8484,0.8520
1721.8554,0.8528
1729.8999,0.8553
1737.9820,0.8593
1746.1018,0.8634
1754.2596,0.8699
1762.4554,0.8772
1770.6896,0.8837
1778.9622,0.8894
1787.2735,0.8935
1795.6236,0.8943
1804.0128,0.8967
1812.4411,0.8984
1820.9088,0.9008
1829.4160,0.9049
1837.9630,0.9073
1846.5500,0.9089
1855.1770,0.9081
1863.8444,0.9000
1872.5522,0.8854
1881.3007,0.8683
1890.0901,0.8455
1898.9206,0.8252
1907.7923,0.8049
1916.7055,0.7911
1925.6603,0.7837
1934.6570,0.7813
1943.6957,0.7829
1952.7766,0.7902
1961.8999,0.7967
1971.0659,0.8049
1980.2747,0.8146
1989.5265,0.8244
1998.8215,0.8325
2008.1600,0.8423
2017.5421,0.8504
2026.9680,0.8569
2036.4380,0.8650
2045.9522,0.8707
2055.5108,0.8756
2065.1141,0.8805
2074.7623,0.8846
2084.4556,0.8862
2094.1941,0.8837
2103.9781,0.8780
2113.8079,0.8724
2123.6836,0.8667
2133.6054,0.8634
2143.5735,0.8642
2153.5883,0.8642
2163.6498,0.8642
2173.7584,0.8626
2183.9141,0.8585
2194.1173,0.8480
2204.3682,0.8293
2214.6670,0.8008
2225.0139,0.7650
2235.4091,0.7301
2245.8529,0.6870
2256.3455,0.6593
2266.8871,0.6382
2277.4779,0.6244
2288.1183,0.6228
2298.8083,0.6350
2309.5483,0.6512
2320.3385,0.6618
2331.1791,0.6805
2342.0703,0.6894
2353.0124,0.6943
2364.0057,0.6967
2375.0502,0.6951
2386.1464,0.6902
2397.2945,0.6846
2408.4946,0.6772
2419.7470,0.6667
