before UV,,after UV,
X,Y,X,Y
-1.94263862332696,8.066971080669703,-1.9349904397705546,8.219178082191775
-1.8508604206500958,8.066971080669703,-1.8661567877629066,7.914764079147645
-1.7590822179732317,7.914764079147645,-1.7820267686424476,7.762557077625559
-1.6673040152963672,7.610350076103487,-1.6290630975143405,7.610350076103487
-1.575525812619503,7.610350076103487,-1.4760994263862335,7.305936073059357
-1.4837476099426388,7.458143074581429,-1.338432122370937,7.153729071537285
-1.3919694072657744,7.458143074581429,-1.1778202676864247,7.001522070015213
-1.3001912045889104,7.153729071537285,-1.055449330783939,7.001522070015213
-1.208413001912046,7.153729071537285,-0.9330783938814535,7.001522070015213
-1.1166347992351817,7.153729071537285,-0.8336520076481837,7.001522070015213
-1.0248565965583176,7.305936073059357,-0.7189292543021035,7.305936073059357
-0.9330783938814535,7.458143074581429,-0.6271510516252392,8.219178082191775
-0.8413001912045892,7.458143074581429,-0.6042065009560234,8.828006088280063
-0.7495219885277247,7.458143074581429,-0.581261950286807,10.197869101978682
-0.6042065009560234,9.436834094368336,-0.5659655831739965,11.872146118721446
-0.581261950286807,13.24200913242008,-0.5659655831739965,13.089802130898022
-0.5659655831739965,20.85235920852358,-0.5659655831739965,14.459665144596656
-0.5583173996175912,32.26788432267884,-0.5659655831739965,16.28614916286149
-0.5583173996175912,24.657534246575338,-0.5506692160611855,17.808219178082197
-0.5506692160611855,28.462709284627095,-0.5430210325047802,19.178082191780817
-0.5430210325047802,36.07305936073058,-0.5506692160611855,21.613394216133926
-0.5430210325047802,39.87823439878233,-0.5430210325047802,23.43987823439879
-0.5200764818355643,43.68340943683409,-0.5353728489483749,25.266362252663626
-0.512428298279159,47.48858447488584,-0.5353728489483749,27.39726027397259
-0.497131931166348,51.29375951293759,-0.5353728489483749,30.28919330289193
-0.48948374760994273,55.09893455098934,-0.5353728489483749,33.4855403348554
-0.47418738049713216,58.90410958904109,-0.5277246653919696,37.74733637747336
-0.46653919694072643,62.70928462709284,-0.5200764818355643,40.63926940639269
-0.4512428298279163,66.5144596651446,-0.512428298279159,43.987823439878234
-0.4435946462715106,70.31963470319634,-0.48183556405353745,48.7062404870624
-0.42065009560229427,74.1248097412481,-0.46653919694072643,53.12024353120243
-0.41300191204588943,72.75494672754947,-0.4512428298279163,57.22983257229832
-0.359464627151052,77.92998477929984,-0.4282982791587,60.882800608828006
-0.28298279158699824,81.7351598173516,-0.39005736137667313,63.470319634703195
-0.2294455066921608,82.80060882800609,-0.37476099426386256,64.53576864535768
-0.13766730401529648,84.32267884322678,-0.35181644359464626,66.36225266362251
-0.04588910133843216,85.08371385083714,-0.3135755258126198,67.73211567732116
0.04588910133843216,85.08371385083714,-0.2676864244741872,69.558599695586
0.13766730401529603,84.93150684931507,-0.24474187380497137,70.31963470319634
0.22944550669216035,84.779299847793,-0.18355640535372864,72.29832572298325
0.32122370936902467,84.62709284627093,-0.1300191204588912,73.82039573820396
0.413001912045889,84.62709284627093,-0.07648183556405375,74.88584474885845
0.5047801147227529,84.47488584474885,-0.015296367112811016,76.10350076103501
0.5965583173996172,84.17047184170471,0.06883365200764802,77.47336377473363
0.6883365200764819,84.01826484018264,0.15296367112810705,78.53881278538813
0.7801147227533463,83.71385083713851,0.22944550669216035,79.45205479452055
0.8718929254302106,83.25722983257229,0.31357552581261894,80.06088280060882
0.9636711281070744,83.10502283105022,0.4053537284894837,80.97412480974124
1.0554493307839388,82.80060882800609,0.481835564053537,81.43074581430746
1.147227533460803,82.34398782343987,0.5965583173996172,82.03957382039573
1.239005736137667,82.1917808219178,0.6806883365200767,82.34398782343987
1.3307839388145313,81.88736681887366,0.7801147227533463,82.64840182648402
1.4225621414913956,81.43074581430746,1.0401529636711282,83.25722983257229
1.51434034416826,81.12633181126331,1.2007648183556405,83.56164383561644
1.9732313575525815,79.45205479452055,1.3766730401529639,83.40943683409436
2.065009560229446,79.1476407914764,1.4302103250478009,83.40943683409436
2.15678776290631,78.6910197869102,1.5602294455066916,82.95281582952816
2.2485659655831736,78.23439878234399,1.6367112810707454,82.95281582952816
2.340344168260038,78.08219178082192,1.7590822179732317,82.80060882800609
2.432122370936902,77.6255707762557,1.8661567877629057,82.34398782343987
2.5239005736137665,77.1689497716895,1.9732313575525815,82.03957382039573
2.615678776290631,76.71232876712328,2.0803059273422564,81.43074581430746
2.707456978967495,76.40791476407915,2.1873804971319313,81.27853881278538
2.7992351816443595,75.95129375951294,2.3021032504780115,80.66971080669711
2.891013384321224,75.49467275494672,2.3785850860420643,80.51750380517504
2.982791586998088,75.03805175038052,2.5239005736137665,79.75646879756468
3.0745697896749524,74.88584474885845,2.6080305927342256,79.45205479452055
3.1663479923518167,74.73363774733637,2.7227533460803057,78.84322678843226
3.25812619502868,74.27701674277017,2.837476099426386,78.53881278538813
3.3499043977055454,73.97260273972603,2.9598470363288722,77.92998477929984
3.4416826003824097,73.66818873668188,3.02868068833652,77.77777777777777
3.533460803059274,73.36377473363774,3.1357552581261947,77.6255707762557
3.6252390057361383,73.21156773211567,3.2122370936902476,77.32115677321156
3.7170172084130026,72.90715372907152,3.3575525812619507,76.71232876712328
3.808795411089866,72.90715372907152,3.449330783938815,76.86453576864535
3.9005736137667304,72.6027397260274,3.5487571701720837,76.40791476407915
3.9923518164435947,72.45053272450532,3.6252390057361383,76.56012176560121
4.175908221797323,72.14611872146118,3.724665391969407,76.10350076103501
4.267686424474188,72.14611872146118,3.7934990439770555,76.10350076103501
4.359464627151052,72.14611872146118,3.938814531548757,76.10350076103501
4.451242829827915,72.6027397260274,4.022944550669216,75.64687975646879
4.54302103250478,72.75494672754947,4.130019120458891,75.79908675799086
4.634799235181644,72.90715372907152,4.2370936902485665,75.79908675799086
4.726577437858508,73.36377473363774,4.328871892925431,75.79908675799086
4.818355640535373,73.66818873668188,4.435946462715105,76.25570776255708
4.910133843212237,74.1248097412481,4.512428298279159,76.25570776255708
4.084130019120459,72.14611872146118,4.596558317399617,76.40791476407915
-0.3135755258126198,79.45205479452055,4.695984703632887,76.71232876712328
-0.38240917782026784,75.95129375951294,4.749521988527724,77.01674277016743
-0.6730401529636714,7.458143074581429,4.818355640535373,77.01674277016743
-0.6195028680688335,8.219178082191775,4.910133843212237,77.47336377473363
-0.5736137667304018,10.80669710806697,4.978967495219885,77.92998477929984
-0.5506692160611855,18.417047184170457,,
-0.5659655831739965,16.28614916286149,,
1.6367112810707454,80.51750380517504,,
1.7514340344168255,80.36529680365297,,
1.8661567877629057,79.90867579908675,,
